INSERT INTO "actor"."member" ("id", "name", "hint", "is_active") VALUES ('40b97a97-bc30-45ac-9e3e-ad29c530e27d', 'str_b48acf16', 'str_5f36ff5c', FALSE);
INSERT INTO "actor"."member" ("id", "name", "hint", "is_active") VALUES ('503d6345-4a2e-4fd5-8b5f-949dd451466c', 'str_36490d58', 'str_ebe31dd8', FALSE);
INSERT INTO "actor"."pass" ("number", "type", "status", "issue_date", "expiry_date", "id", "name", "hint", "is_active") VALUES ('str_60ed6229', 'virtual', 'active', '2025-06-17 22:04:16', '2025-06-23 12:18:05', '8e9e485e-6a9f-4f2c-8da6-19b19e94ef90', 'str_e436935e', 'str_d6d8dace', FALSE);
INSERT INTO "actor"."pass" ("number", "type", "status", "issue_date", "expiry_date", "id", "name", "hint", "is_active") VALUES ('str_dd4c04df', 'virtual', 'deactivated', '2025-06-28 21:20:26', '2025-06-14 20:26:21', 'dd0bf8c2-02d3-40fa-a203-80f693772d6d', 'str_5f449c65', 'str_379138aa', FALSE);
INSERT INTO "atlas"."transit" ("from_zone_id", "to_zone_id", "is_bidirectional", "id", "name", "hint", "is_active") VALUES ('cb5a6236-3425-4b0c-9752-3c801b7e9164', 'd210b662-9179-47b5-a70b-a2d7bfe26829', FALSE, '659b48e5-3291-423d-a0c8-417bb1a73ab7', 'str_4726f29e', 'str_91c0daec', FALSE);
INSERT INTO "atlas"."transit" ("from_zone_id", "to_zone_id", "is_bidirectional", "id", "name", "hint", "is_active") VALUES ('8af732b4-c34b-489d-babe-9bfd50bf1fa6', '8e934c61-cb75-4c67-ac06-ca723741b4f6', TRUE, 'fac53345-5482-4532-acfd-30110b29e09e', 'str_4a35d707', 'str_e1fa0018', TRUE);
INSERT INTO "atlas"."zone" ("type", "parent_id", "id", "name", "hint", "is_active") VALUES ('corridor', '90529fa6-585d-4f63-9c60-34a01c4ead36', '11cab834-863c-421c-988b-14a0780663b8', 'str_20a4e143', 'str_f64ab0bc', FALSE);
INSERT INTO "atlas"."zone" ("type", "parent_id", "id", "name", "hint", "is_active") VALUES ('building', '05557264-32e5-4c83-a4ef-3122864716db', '51ef051f-92f7-4fba-aa0d-1db812a1761a', 'str_6511d04e', 'str_7e8419f7', FALSE);
INSERT INTO "codex"."route_rule" ("from_zone_id", "to_zone_id", "is_bidirectional", "id", "name", "hint", "is_active") VALUES ('0a997397-d0e4-43ab-aaac-998d02fe4212', '2c345c1e-7713-485f-bc92-857060d0c593', FALSE, '61c73202-b2bc-4557-b2c9-50ebf76497b3', 'str_8f1a860e', 'str_bdc7add1', TRUE);
INSERT INTO "codex"."route_rule" ("from_zone_id", "to_zone_id", "is_bidirectional", "id", "name", "hint", "is_active") VALUES ('7036284b-1fb4-4030-9f67-2b9cb26af780', '58ac6fbe-08a7-4454-be80-073a8d786da8', FALSE, 'a8d86128-243e-4428-b0f3-5e8fe848f29f', 'str_dbbf70c0', 'str_a1487d63', TRUE);
INSERT INTO "codex"."time_zone_rule" ("day_of_week", "start_time", "end_time", "id", "name", "hint", "is_active") VALUES ('monday', NULL, NULL, '063e5cfc-bad2-4c27-a60d-4962c96450b0', 'str_9e5c6262', 'str_da617c98', FALSE);
INSERT INTO "codex"."time_zone_rule" ("day_of_week", "start_time", "end_time", "id", "name", "hint", "is_active") VALUES ('tuesday', NULL, NULL, '72ba00a0-e0d5-4630-a41f-b140b92f184e', 'str_58bd0b43', 'str_d9edb6db', FALSE);
INSERT INTO "contour"."event_log" ("ch", "controller_timestamp", "timestamp", "addr", "data", "id") VALUES (NULL, NULL, NULL, NULL, NULL, 232845853);
INSERT INTO "contour"."event_log" ("ch", "controller_timestamp", "timestamp", "addr", "data", "id") VALUES (NULL, NULL, NULL, NULL, NULL, 1278624810);
INSERT INTO "contour"."spot" ("id", "name", "hint", "is_active") VALUES ('b1cb1367-fd36-4731-bd6e-b5ce8dcd4b1e', 'str_f9bba405', 'str_9c10fc5f', FALSE);
INSERT INTO "contour"."spot" ("id", "name", "hint", "is_active") VALUES ('a3ebe77c-056f-44cc-bfa5-4902d15d215e', 'str_4932aabe', 'str_aebad4f5', FALSE);
INSERT INTO "actor"."member_person" ("member_id", "type", "email", "phone") VALUES ('40b97a97-bc30-45ac-9e3e-ad29c530e27d', 'person', 'str_337f2d5c', 'str_a912a643');
INSERT INTO "actor"."member_person" ("member_id", "type", "email", "phone") VALUES ('503d6345-4a2e-4fd5-8b5f-949dd451466c', 'drone', 'str_17ce5ee2', 'str_e2547d57');
INSERT INTO "actor"."member_drone" ("member_id", "type", "serial_number", "firmware_version") VALUES ('40b97a97-bc30-45ac-9e3e-ad29c530e27d', 'drone', 'str_0580a851', 'str_a6f2fbe7');
INSERT INTO "actor"."member_drone" ("member_id", "type", "serial_number", "firmware_version") VALUES ('503d6345-4a2e-4fd5-8b5f-949dd451466c', 'drone', 'str_805e6054', 'str_cee1e4e8');
INSERT INTO "contour"."spot_ip" ("spot_id", "type", "host", "port") VALUES ('b1cb1367-fd36-4731-bd6e-b5ce8dcd4b1e', 'com_port', 'str_a9ab9ed2', 733867066);
INSERT INTO "contour"."spot_ip" ("spot_id", "type", "host", "port") VALUES ('a3ebe77c-056f-44cc-bfa5-4902d15d215e', 'ip', 'str_4367e2d7', 1332154740);
INSERT INTO "contour"."spot_com_port" ("spot_id", "type", "port_name", "baud_rate", "parity", "data_bits", "stop_bits", "read_timeout_ms", "write_timeout_ms") VALUES ('b1cb1367-fd36-4731-bd6e-b5ce8dcd4b1e', 'com_port', 'str_a76936e5', 2112097695, 'even', 209768041, 'none', 410741591, 651869318);
INSERT INTO "contour"."spot_com_port" ("spot_id", "type", "port_name", "baud_rate", "parity", "data_bits", "stop_bits", "read_timeout_ms", "write_timeout_ms") VALUES ('a3ebe77c-056f-44cc-bfa5-4902d15d215e', 'ip', 'str_3ce5ea52', 271057275, 'mark', 327886894, 'none', 1060371854, 1214638980);
INSERT INTO "atlas"."zone_child" ("zone_id", "child_id") VALUES ('11cab834-863c-421c-988b-14a0780663b8', '964ec718-1aa9-48ac-a994-f5af0df107ad');
INSERT INTO "atlas"."zone_child" ("zone_id", "child_id") VALUES ('51ef051f-92f7-4fba-aa0d-1db812a1761a', '5276479c-aa24-4005-84f1-a5f7abb96ca6');
INSERT INTO "contour"."spot_address" ("spot_id", "address") VALUES ('b1cb1367-fd36-4731-bd6e-b5ce8dcd4b1e', 'str_dcf02ff5');
INSERT INTO "contour"."spot_address" ("spot_id", "address") VALUES ('a3ebe77c-056f-44cc-bfa5-4902d15d215e', 'str_7bd4ad4b');
